exchange,ticker,name,sector,industry,city,state,country
NMS,AAPL,Apple Inc.,Technology,Consumer Electronics,Cupertino,CA,United States
NMS,NVDA,NVIDIA Corporation,Technology,Semiconductors,Santa Clara,CA,United States
NMS,MSFT,Microsoft Corporation,Technology,Software - Infrastructure,Redmond,WA,United States
NMS,AMZN,"Amazon.com, Inc.",Consumer Cyclical,Internet Retail,Seattle,WA,United States
NMS,GOOGL,Alphabet Inc.,Communication Services,Internet Content & Information,Mountain View,CA,United States
NMS,GOOG,Alphabet Inc.,Communication Services,Internet Content & Information,Mountain View,CA,United States
NMS,META,"Meta Platforms, Inc.",Communication Services,Internet Content & Information,Menlo Park,CA,United States
NMS,TSLA,"Tesla, Inc.",Consumer Cyclical,Auto Manufacturers,Austin,TX,United States
NMS,AVGO,Broadcom Inc.,Technology,Semiconductors,Palo Alto,CA,United States
NYQ,BRK-B,Berkshire Hathaway Inc. New,Financial Services,Insurance - Diversified,Omaha,NE,United States
NYQ,WMT,Walmart Inc.,Consumer Defensive,Discount Stores,Bentonville,AR,United States
NYQ,LLY,Eli Lilly and Company,Healthcare,Drug Manufacturers - General,Indianapolis,IN,United States
NYQ,JPM,JP Morgan Chase & Co.,Financial Services,Banks - Diversified,New York,NY,United States
NYQ,V,Visa Inc.,Financial Services,Credit Services,San Francisco,CA,United States
NYQ,MA,Mastercard Incorporated,Financial Services,Credit Services,Purchase,NY,United States
NYQ,ORCL,Oracle Corporation,Technology,Software - Infrastructure,Austin,TX,United States
NYQ,XOM,Exxon Mobil Corporation,Energy,Oil & Gas Integrated,Spring,TX,United States
NYQ,UNH,UnitedHealth Group Incorporated,Healthcare,Healthcare Plans,Minnetonka,MN,United States
NMS,COST,Costco Wholesale Corporation,Consumer Defensive,Discount Stores,Issaquah,WA,United States
NYQ,PG,Procter & Gamble Company (The),Consumer Defensive,Household & Personal Products,Cincinnati,OH,United States
NYQ,HD,"Home Depot, Inc. (The)",Consumer Cyclical,Home Improvement Retail,Atlanta,GA,United States
NMS,NFLX,"Netflix, Inc.",Communication Services,Entertainment,Los Gatos,CA,United States
NYQ,JNJ,Johnson & Johnson,Healthcare,Drug Manufacturers - General,New Brunswick,NJ,United States
NYQ,BAC,Bank of America Corporation,Financial Services,Banks - Diversified,Charlotte,NC,United States
NYQ,CRM,"Salesforce, Inc.",Technology,Software - Application,San Francisco,CA,United States
NYQ,ABBV,AbbVie Inc.,Healthcare,Drug Manufacturers - General,North Chicago,IL,United States
NYQ,KO,Coca-Cola Company (The),Consumer Defensive,Beverages - Non-Alcoholic,Atlanta,GA,United States
NMS,TMUS,"T-Mobile US, Inc.",Communication Services,Telecom Services,Bellevue,WA,United States
NYQ,CVX,Chevron Corporation,Energy,Oil & Gas Integrated,San Ramon,CA,United States
NYQ,MRK,"Merck & Company, Inc.",Healthcare,Drug Manufacturers - General,Rahway,NJ,United States
NYQ,WFC,Wells Fargo & Company,Financial Services,Banks - Diversified,San Francisco,CA,United States
NMS,CSCO,"Cisco Systems, Inc.",Technology,Communication Equipment,San Jose,CA,United States
NYQ,ACN,Accenture plc,Technology,Information Technology Services,Dublin,,Ireland
NYQ,NOW,"ServiceNow, Inc.",Technology,Software - Application,Santa Clara,CA,United States
NYQ,AXP,American Express Company,Financial Services,Credit Services,New York,NY,United States
NYQ,MCD,McDonald's Corporation,Consumer Cyclical,Restaurants,Chicago,IL,United States
NMS,PEP,"Pepsico, Inc.",Consumer Defensive,Beverages - Non-Alcoholic,Purchase,NY,United States
NYQ,BX,Blackstone Inc.,Financial Services,Asset Management,New York,NY,United States
NYQ,IBM,International Business Machines,Technology,Information Technology Services,Armonk,NY,United States
NYQ,DIS,Walt Disney Company (The),Communication Services,Entertainment,Burbank,CA,United States
NMS,LIN,Linde plc,Basic Materials,Specialty Chemicals,Woking,,United Kingdom
NYQ,TMO,Thermo Fisher Scientific Inc,Healthcare,Diagnostics & Research,Waltham,MA,United States
NYQ,MS,Morgan Stanley,Financial Services,Capital Markets,New York,NY,United States
NYQ,ABT,Abbott Laboratories,Healthcare,Medical Devices,North Chicago,IL,United States
NMS,ADBE,Adobe Inc.,Technology,Software - Infrastructure,San Jose,CA,United States
NMS,AMD,"Advanced Micro Devices, Inc.",Technology,Semiconductors,Santa Clara,CA,United States
NYQ,PM,Philip Morris International Inc,Consumer Defensive,Tobacco,Stamford,CT,United States
NMS,ISRG,"Intuitive Surgical, Inc.",Healthcare,Medical Instruments & Supplies,Sunnyvale,CA,United States
NMS,PLTR,Palantir Technologies Inc.,Technology,Software - Infrastructure,Denver,CO,United States
NYQ,GE,GE Aerospace,Industrials,Aerospace & Defense,Evendale,OH,United States
NMS,INTU,Intuit Inc.,Technology,Software - Application,Mountain View,CA,United States
NYQ,GS,"Goldman Sachs Group, Inc. (The)",Financial Services,Capital Markets,New York,NY,United States
NYQ,CAT,"Caterpillar, Inc.",Industrials,Farm & Heavy Construction Machinery,Irving,TX,United States
NMS,TXN,Texas Instruments Incorporated,Technology,Semiconductors,Dallas,TX,United States
NMS,QCOM,QUALCOMM Incorporated,Technology,Semiconductors,San Diego,CA,United States
NYQ,VZ,Verizon Communications Inc.,Communication Services,Telecom Services,New York,NY,United States
NMS,BKNG,Booking Holdings Inc. Common St,Consumer Cyclical,Travel Services,Norwalk,CT,United States
NYQ,DHR,Danaher Corporation,Healthcare,Diagnostics & Research,Washington,DC,United States
NYQ,T,AT&T Inc.,Communication Services,Telecom Services,Dallas,TX,United States
NYQ,BLK,"BlackRock, Inc.",Financial Services,Asset Management,New York,NY,United States
NYQ,RTX,RTX Corporation,Industrials,Aerospace & Defense,Arlington,VA,United States
NYQ,SPGI,S&P Global Inc.,Financial Services,Financial Data & Stock Exchanges,New York,NY,United States
NYQ,PFE,"Pfizer, Inc.",Healthcare,Drug Manufacturers - General,New York,NY,United States
NMS,HON,Honeywell International Inc.,Industrials,Conglomerates,Charlotte,NC,United States
NYQ,NEE,"NextEra Energy, Inc.",Utilities,Utilities - Regulated Electric,Juno Beach,FL,United States
NMS,CMCSA,Comcast Corporation,Communication Services,Telecom Services,Philadelphia,PA,United States
NYQ,ANET,"Arista Networks, Inc.",Technology,Computer Hardware,Santa Clara,CA,United States
NMS,AMGN,Amgen Inc.,Healthcare,Drug Manufacturers - General,Thousand Oaks,CA,United States
NYQ,PGR,Progressive Corporation (The),Financial Services,Insurance - Property & Casualty,Mayfield Village,OH,United States
NYQ,LOW,"Lowe's Companies, Inc.",Consumer Cyclical,Home Improvement Retail,Mooresville,NC,United States
NYQ,SYK,Stryker Corporation,Healthcare,Medical Devices,Portage,MI,United States
NYQ,UNP,Union Pacific Corporation,Industrials,Railroads,Omaha,NE,United States
NYQ,TJX,"TJX Companies, Inc. (The)",Consumer Cyclical,Apparel Retail,Framingham,MA,United States
NYQ,KKR,KKR & Co. Inc.,Financial Services,Asset Management,New York,NY,United States
NYQ,SCHW,Charles Schwab Corporation (The,Financial Services,Capital Markets,Westlake,TX,United States
NYQ,ETN,"Eaton Corporation, PLC",Industrials,Specialty Industrial Machinery,Dublin,,Ireland
NMS,AMAT,"Applied Materials, Inc.",Technology,Semiconductor Equipment & Materials,Santa Clara,CA,United States
NYQ,BA,Boeing Company (The),Industrials,Aerospace & Defense,Arlington,VA,United States
NYQ,BSX,Boston Scientific Corporation,Healthcare,Medical Devices,Marlborough,MA,United States
NYQ,C,"Citigroup, Inc.",Financial Services,Banks - Diversified,New York,NY,United States
NYQ,UBER,"Uber Technologies, Inc.",Technology,Software - Application,San Francisco,CA,United States
NYQ,COP,ConocoPhillips,Energy,Oil & Gas E&P,Houston,TX,United States
NMS,PANW,"Palo Alto Networks, Inc.",Technology,Software - Infrastructure,Santa Clara,CA,United States
NMS,ADP,"Automatic Data Processing, Inc.",Technology,Software - Application,Roseland,NJ,United States
NYQ,DE,Deere & Company,Industrials,Farm & Heavy Construction Machinery,Moline,IL,United States
NYQ,FI,"Fiserv, Inc.",Technology,Information Technology Services,Milwaukee,WI,United States
NYQ,BMY,Bristol-Myers Squibb Company,Healthcare,Drug Manufacturers - General,Princeton,NJ,United States
NYQ,LMT,Lockheed Martin Corporation,Industrials,Aerospace & Defense,Bethesda,MD,United States
NMS,GILD,"Gilead Sciences, Inc.",Healthcare,Drug Manufacturers - General,Foster City,CA,United States
NYQ,NKE,"Nike, Inc.",Consumer Cyclical,Footwear & Accessories,Beaverton,OR,United States
NYQ,CB,Chubb Limited,Financial Services,Insurance - Property & Casualty,Zurich,,Switzerland
NYQ,UPS,"United Parcel Service, Inc.",Industrials,Integrated Freight & Logistics,Atlanta,GA,United States
NMS,ADI,"Analog Devices, Inc.",Technology,Semiconductors,Wilmington,MA,United States
NYQ,MMC,"Marsh & McLennan Companies, Inc",Financial Services,Insurance Brokers,New York,NY,United States
NYQ,MDT,Medtronic plc.,Healthcare,Medical Devices,Galway,,Ireland
NMS,VRTX,Vertex Pharmaceuticals Incorpor,Healthcare,Biotechnology,Boston,MA,United States
NMS,MU,"Micron Technology, Inc.",Technology,Semiconductors,Boise,ID,United States
NMS,SBUX,Starbucks Corporation,Consumer Cyclical,Restaurants,Seattle,WA,United States
NYQ,PLD,"Prologis, Inc.",Real Estate,REIT - Industrial,San Francisco,CA,United States
NYQ,GEV,GE Vernova Inc.,Utilities,Utilities - Renewable,Cambridge,MA,United States
NMS,LRCX,Lam Research Corporation,Technology,Semiconductor Equipment & Materials,Fremont,CA,United States
NYQ,MO,"Altria Group, Inc.",Consumer Defensive,Tobacco,Richmond,VA,United States
NYQ,SO,Southern Company (The),Utilities,Utilities - Regulated Electric,Atlanta,GA,United States
NMS,EQIX,"Equinix, Inc.",Real Estate,REIT - Specialty,Redwood City,CA,United States
NMS,CRWD,"CrowdStrike Holdings, Inc.",Technology,Software - Infrastructure,Austin,TX,United States
NMS,PYPL,"PayPal Holdings, Inc.",Financial Services,Credit Services,San Jose,CA,United States
NYQ,SHW,Sherwin-Williams Company (The),Basic Materials,Specialty Chemicals,Cleveland,OH,United States
NYQ,ICE,Intercontinental Exchange Inc.,Financial Services,Financial Data & Stock Exchanges,Atlanta,GA,United States
NMS,CME,CME Group Inc.,Financial Services,Financial Data & Stock Exchanges,Chicago,IL,United States
NYQ,AMT,American Tower Corporation (REI,Real Estate,REIT - Specialty,Boston,MA,United States
NYQ,APH,Amphenol Corporation,Technology,Electronic Components,Wallingford,CT,United States
NYQ,ELV,"Elevance Health, Inc.",Healthcare,Healthcare Plans,Indianapolis,IN,United States
NYQ,TT,Trane Technologies plc,Industrials,Building Products & Equipment,Swords,,Ireland
NYQ,MCO,Moody's Corporation,Financial Services,Financial Data & Stock Exchanges,New York,NY,United States
NYQ,CMG,"Chipotle Mexican Grill, Inc.",Consumer Cyclical,Restaurants,Newport Beach,CA,United States
NMS,INTC,Intel Corporation,Technology,Semiconductors,Santa Clara,CA,United States
NMS,KLAC,KLA Corporation,Technology,Semiconductor Equipment & Materials,Milpitas,CA,United States
NMS,ABNB,"Airbnb, Inc.",Consumer Cyclical,Travel Services,San Francisco,CA,United States
NYQ,DUK,Duke Energy Corporation (Holdin,Utilities,Utilities - Regulated Electric,Charlotte,NC,United States
NYQ,PH,Parker-Hannifin Corporation,Industrials,Specialty Industrial Machinery,Cleveland,OH,United States
NMS,CDNS,"Cadence Design Systems, Inc.",Technology,Software - Application,San Jose,CA,United States
NYQ,WM,"Waste Management, Inc.",Industrials,Waste Management,Houston,TX,United States
NYQ,DELL,Dell Technologies Inc.,Technology,Computer Hardware,Round Rock,TX,United States
NMS,MDLZ,"Mondelez International, Inc.",Consumer Defensive,Confectioners,Chicago,IL,United States
NMS,MAR,Marriott International,Consumer Cyclical,Lodging,Bethesda,MD,United States
NYQ,MSI,"Motorola Solutions, Inc.",Technology,Communication Equipment,Chicago,IL,United States
NYQ,WELL,Welltower Inc.,Real Estate,REIT - Healthcare Facilities,Toledo,OH,United States
NYQ,AON,Aon plc,Financial Services,Insurance Brokers,Dublin,,Ireland
NMS,REGN,"Regeneron Pharmaceuticals, Inc.",Healthcare,Biotechnology,Tarrytown,NY,United States
NYQ,CI,The Cigna Group,Healthcare,Healthcare Plans,Bloomfield,CT,United States
NYQ,HCA,"HCA Healthcare, Inc.",Healthcare,Medical Care Facilities,Nashville,TN,United States
NYQ,PNC,"PNC Financial Services Group, I",Financial Services,Banks - Regional,Pittsburgh,PA,United States
NYQ,ITW,Illinois Tool Works Inc.,Industrials,Specialty Industrial Machinery,Glenview,IL,United States
NMS,SNPS,"Synopsys, Inc.",Technology,Software - Infrastructure,Sunnyvale,CA,United States
NMS,CTAS,Cintas Corporation,Industrials,Specialty Business Services,Cincinnati,OH,United States
NYQ,CL,Colgate-Palmolive Company,Consumer Defensive,Household & Personal Products,New York,NY,United States
NYQ,USB,U.S. Bancorp,Financial Services,Banks - Regional,Minneapolis,MN,United States
NMS,FTNT,"Fortinet, Inc.",Technology,Software - Infrastructure,Sunnyvale,CA,United States
NYQ,ZTS,Zoetis Inc.,Healthcare,Drug Manufacturers - Specialty & Generic,Parsippany,NJ,United States
NYQ,MCK,McKesson Corporation,Healthcare,Medical Distribution,Irving,TX,United States
NYQ,GD,General Dynamics Corporation,Industrials,Aerospace & Defense,Reston,VA,United States
NYQ,TDG,Transdigm Group Incorporated,Industrials,Aerospace & Defense,Cleveland,OH,United States
NMS,CEG,Constellation Energy Corporatio,Utilities,Utilities - Renewable,Baltimore,MD,United States
NYQ,AJG,Arthur J. Gallagher & Co.,Financial Services,Insurance Brokers,Rolling Meadows,IL,United States
NYQ,EMR,Emerson Electric Company,Industrials,Specialty Industrial Machinery,Saint Louis,MO,United States
NYQ,MMM,3M Company,Industrials,Conglomerates,Saint Paul,MN,United States
NMS,ORLY,"O'Reilly Automotive, Inc.",Consumer Cyclical,Specialty Retail,Springfield,MO,United States
NYQ,NOC,Northrop Grumman Corporation,Industrials,Aerospace & Defense,Falls Church,VA,United States
NYQ,COF,Capital One Financial Corporati,Financial Services,Credit Services,McLean,VA,United States
NYQ,ECL,Ecolab Inc.,Basic Materials,Specialty Chemicals,Saint Paul,MN,United States
NYQ,EOG,"EOG Resources, Inc.",Energy,Oil & Gas E&P,Houston,TX,United States
NYQ,FDX,FedEx Corporation,Industrials,Integrated Freight & Logistics,Memphis,TN,United States
NYQ,BDX,"Becton, Dickinson and Company",Healthcare,Medical Instruments & Supplies,Franklin Lakes,NJ,United States
NYQ,APD,"Air Products and Chemicals, Inc",Basic Materials,Specialty Chemicals,Allentown,PA,United States
NYQ,WMB,"Williams Companies, Inc. (The)",Energy,Oil & Gas Midstream,Tulsa,OK,United States
NYQ,SPG,"Simon Property Group, Inc.",Real Estate,REIT - Retail,Indianapolis,IN,United States
NMS,ADSK,"Autodesk, Inc.",Technology,Software - Application,San Francisco,CA,United States
NYQ,RCL,Royal Caribbean Cruises Ltd.,Consumer Cyclical,Travel Services,Miami,FL,United States
NYQ,RSG,"Republic Services, Inc.",Industrials,Waste Management,Phoenix,AZ,United States
NYQ,CARR,Carrier Global Corporation,Industrials,Building Products & Equipment,Palm Beach Gardens,FL,United States
NMS,CSX,CSX Corporation,Industrials,Railroads,Jacksonville,FL,United States
NYQ,HLT,Hilton Worldwide Holdings Inc.,Consumer Cyclical,Lodging,McLean,VA,United States
NYQ,DLR,"Digital Realty Trust, Inc.",Real Estate,REIT - Specialty,Austin,TX,United States
NYQ,TGT,Target Corporation,Consumer Defensive,Discount Stores,Minneapolis,MN,United States
NYQ,KMI,"Kinder Morgan, Inc.",Energy,Oil & Gas Midstream,Houston,TX,United States
NYQ,OKE,"ONEOK, Inc.",Energy,Oil & Gas Midstream,Tulsa,OK,United States
NYQ,TFC,Truist Financial Corporation,Financial Services,Banks - Regional,Charlotte,NC,United States
NYQ,AFL,AFLAC Incorporated,Financial Services,Insurance - Life,Columbus,GA,United States
NYQ,GM,General Motors Company,Consumer Cyclical,Auto Manufacturers,Detroit,MI,United States
NYQ,BK,The Bank of New York Mellon Cor,Financial Services,Banks - Diversified,New York,NY,United States
NMS,ROP,"Roper Technologies, Inc.",Technology,Software - Application,Sarasota,FL,United States
NYQ,MET,"MetLife, Inc.",Financial Services,Insurance - Life,New York,NY,United States
NMS,CPRT,"Copart, Inc.",Industrials,Specialty Business Services,Dallas,TX,United States
NYQ,FCX,"Freeport-McMoRan, Inc.",Basic Materials,Copper,Phoenix,AZ,United States
NYQ,CVS,CVS Health Corporation,Healthcare,Healthcare Plans,Woonsocket,RI,United States
NMS,PCAR,PACCAR Inc.,Industrials,Farm & Heavy Construction Machinery,Bellevue,WA,United States
NYQ,SRE,DBA Sempra,Utilities,Utilities - Diversified,San Diego,CA,United States
NYQ,AZO,"AutoZone, Inc.",Consumer Cyclical,Specialty Retail,Memphis,TN,United States
NYQ,TRV,"The Travelers Companies, Inc.",Financial Services,Insurance - Property & Casualty,New York,NY,United States
NMS,NXPI,NXP Semiconductors N.V.,Technology,Semiconductors,Eindhoven,,Netherlands
NYQ,JCI,Johnson Controls International ,Industrials,Building Products & Equipment,Cork,,Ireland
NYQ,GWW,"W.W. Grainger, Inc.",Industrials,Industrial Distribution,Lake Forest,IL,United States
NYQ,NSC,Norfolk Southern Corporation,Industrials,Railroads,Atlanta,GA,United States
NYQ,PSA,Public Storage,Real Estate,REIT - Industrial,Glendale,CA,United States
NYQ,SLB,Schlumberger N.V.,Energy,Oil & Gas Equipment & Services,Houston,TX,United States
NYQ,AMP,"Ameriprise Financial, Inc.",Financial Services,Asset Management,Minneapolis,MN,United States
NYQ,ALL,Allstate Corporation (The),Financial Services,Insurance - Property & Casualty,Northbrook,IL,United States
NYQ,FICO,Fair Isaac Corporation,Technology,Software - Application,Bozeman,MT,United States
NMS,MNST,Monster Beverage Corporation,Consumer Defensive,Beverages - Non-Alcoholic,Corona,CA,United States
NMS,PAYX,"Paychex, Inc.",Technology,Software - Application,Rochester,NY,United States
NMS,CHTR,"Charter Communications, Inc.",Communication Services,Telecom Services,Stamford,CT,United States
NMS,AEP,American Electric Power Company,Utilities,Utilities - Regulated Electric,Columbus,OH,United States
NMS,ROST,"Ross Stores, Inc.",Consumer Cyclical,Apparel Retail,Dublin,CA,United States
NYQ,PWR,"Quanta Services, Inc.",Industrials,Engineering & Construction,Houston,TX,United States
NYQ,CMI,Cummins Inc.,Industrials,Specialty Industrial Machinery,Columbus,IN,United States
NMS,AXON,"Axon Enterprise, Inc.",Industrials,Aerospace & Defense,Scottsdale,AZ,United States
NYQ,VST,Vistra Corp.,Utilities,Utilities - Independent Power Producers,Irving,TX,United States
NYQ,URI,"United Rentals, Inc.",Industrials,Rental & Leasing Services,Stamford,CT,United States
NYQ,MSCI,MSCI Inc.,Financial Services,Financial Data & Stock Exchanges,New York,NY,United States
NMS,LULU,lululemon athletica inc.,Consumer Cyclical,Apparel Retail,Vancouver,BC,Canada
NYQ,O,Realty Income Corporation,Real Estate,REIT - Retail,San Diego,CA,United States
NYQ,PSX,Phillips 66,Energy,Oil & Gas Refining & Marketing,Houston,TX,United States
NYQ,AIG,"American International Group, I",Financial Services,Insurance - Diversified,New York,NY,United States
NMS,FANG,"Diamondback Energy, Inc.",Energy,Oil & Gas E&P,Midland,TX,United States
NYQ,D,"Dominion Energy, Inc.",Utilities,Utilities - Regulated Electric,Richmond,VA,United States
NYQ,HWM,Howmet Aerospace Inc.,Industrials,Aerospace & Defense,Pittsburgh,PA,United States
NYQ,DHI,"D.R. Horton, Inc.",Consumer Cyclical,Residential Construction,Arlington,TX,United States
NYQ,KR,Kroger Company (The),Consumer Defensive,Grocery Stores,Cincinnati,OH,United States
NMS,NDAQ,"Nasdaq, Inc.",Financial Services,Financial Data & Stock Exchanges,New York,NY,United States
NYQ,OXY,Occidental Petroleum Corporatio,Energy,Oil & Gas E&P,Houston,TX,United States
NYQ,EW,Edwards Lifesciences Corporatio,Healthcare,Medical Devices,Irvine,CA,United States
NYQ,COR,"Cencora, Inc.",Healthcare,Medical Distribution,Conshohocken,PA,United States
NMS,KDP,Keurig Dr Pepper Inc.,Consumer Defensive,Beverages - Non-Alcoholic,Burlington,MA,United States
NYQ,FIS,Fidelity National Information S,Technology,Information Technology Services,Jacksonville,FL,United States
NYQ,KMB,Kimberly-Clark Corporation,Consumer Defensive,Household & Personal Products,Dallas,TX,United States
NYQ,NEM,Newmont Corporation,Basic Materials,Gold,Denver,CO,United States
NYQ,DFS,Discover Financial Services,Financial Services,Credit Services,Riverwoods,IL,United States
NYQ,PCG,Pacific Gas & Electric Co.,Utilities,Utilities - Regulated Electric,Oakland,CA,United States
NYQ,TEL,TE Connectivity plc,Technology,Electronic Components,Ballybrit,,Ireland
NYQ,MPC,Marathon Petroleum Corporation,Energy,Oil & Gas Refining & Marketing,Findlay,OH,United States
NMS,FAST,Fastenal Company,Industrials,Industrial Distribution,Winona,MN,United States
NYQ,AME,"AMETEK, Inc.",Industrials,Specialty Industrial Machinery,Berwyn,PA,United States
NYQ,PEG,Public Service Enterprise Group,Utilities,Utilities - Regulated Electric,Newark,NJ,United States
NYQ,PRU,"Prudential Financial, Inc.",Financial Services,Insurance - Life,Newark,NJ,United States
NYQ,KVUE,Kenvue Inc.,Consumer Defensive,Household & Personal Products,Skillman,NJ,United States
NYQ,STZ,"Constellation Brands, Inc.",Consumer Defensive,Beverages - Brewers,Victor,NY,United States
NYQ,GLW,Corning Incorporated,Technology,Electronic Components,Corning,NY,United States
NYQ,LHX,"L3Harris Technologies, Inc.",Industrials,Aerospace & Defense,Melbourne,FL,United States
NYQ,GRMN,Garmin Ltd.,Technology,Scientific & Technical Instruments,Schaffhausen,,Switzerland
NMS,BKR,Baker Hughes Company,Energy,Oil & Gas Equipment & Services,Houston,TX,United States
NYQ,CBRE,CBRE Group Inc,Real Estate,Real Estate Services,Dallas,TX,United States
NYQ,CTVA,"Corteva, Inc.",Basic Materials,Agricultural Inputs,Indianapolis,IN,United States
NYQ,HES,Hess Corporation,Energy,Oil & Gas E&P,New York,NY,United States
NYQ,CCI,Crown Castle Inc.,Real Estate,REIT - Specialty,Houston,TX,United States
NYQ,DAL,"Delta Air Lines, Inc.",Industrials,Airlines,Atlanta,GA,United States
NMS,CTSH,Cognizant Technology Solutions ,Technology,Information Technology Services,Teaneck,NJ,United States
NYQ,F,Ford Motor Company,Consumer Cyclical,Auto Manufacturers,Dearborn,MI,United States
NMS,VRSK,"Verisk Analytics, Inc.",Industrials,Consulting Services,Jersey City,NJ,United States
NMS,EA,Electronic Arts Inc.,Communication Services,Electronic Gaming & Multimedia,Redwood City,CA,United States
NMS,ODFL,"Old Dominion Freight Line, Inc.",Industrials,Trucking,Thomasville,NC,United States
NMS,XEL,Xcel Energy Inc.,Utilities,Utilities - Regulated Electric,Minneapolis,MN,United States
NYQ,TRGP,"Targa Resources, Inc.",Energy,Oil & Gas Midstream,Houston,TX,United States
NYQ,A,"Agilent Technologies, Inc.",Healthcare,Diagnostics & Research,Santa Clara,CA,United States
NYQ,IT,"Gartner, Inc.",Technology,Information Technology Services,Stamford,CT,United States
NYQ,LVS,Las Vegas Sands Corp.,Consumer Cyclical,Resorts & Casinos,Las Vegas,NV,United States
NYQ,SYY,Sysco Corporation,Consumer Defensive,Food Distribution,Houston,TX,United States
NYQ,VLO,Valero Energy Corporation,Energy,Oil & Gas Refining & Marketing,San Antonio,TX,United States
NYQ,OTIS,Otis Worldwide Corporation,Industrials,Specialty Industrial Machinery,Farmington,CT,United States
NYQ,LEN,Lennar Corporation,Consumer Cyclical,Residential Construction,Miami,FL,United States
NMS,EXC,Exelon Corporation,Utilities,Utilities - Regulated Electric,Chicago,IL,United States
NYQ,IR,Ingersoll Rand Inc.,Industrials,Specialty Industrial Machinery,Davidson,NC,United States
NYQ,YUM,"Yum! Brands, Inc.",Consumer Cyclical,Restaurants,Louisville,KY,United States
NMS,KHC,The Kraft Heinz Company,Consumer Defensive,Packaged Foods,Pittsburgh,PA,United States
NMS,GEHC,GE HealthCare Technologies Inc.,Healthcare,Health Information Services,Chicago,IL,United States
NYQ,IQV,"IQVIA Holdings, Inc.",Healthcare,Diagnostics & Research,Durham,NC,United States
NYQ,GIS,"General Mills, Inc.",Consumer Defensive,Packaged Foods,Minneapolis,MN,United States
NYQ,CCL,Carnival Corporation,Consumer Cyclical,Travel Services,Miami,FL,United States
NYQ,RMD,ResMed Inc.,Healthcare,Medical Instruments & Supplies,San Diego,CA,United States
NYQ,VMC,Vulcan Materials Company (Holdi,Basic Materials,Building Materials,Birmingham,AL,United States
NYQ,HSY,The Hershey Company,Consumer Defensive,Confectioners,Hershey,PA,United States
NMS,ACGL,Arch Capital Group Ltd.,Financial Services,Insurance - Diversified,Pembroke,,Bermuda
NMS,IDXX,"IDEXX Laboratories, Inc.",Healthcare,Diagnostics & Research,Westbrook,ME,United States
NYQ,WAB,Westinghouse Air Brake Technolo,Industrials,Railroads,Pittsburgh,PA,United States
NYQ,ROK,"Rockwell Automation, Inc.",Industrials,Specialty Industrial Machinery,Milwaukee,WI,United States
NYQ,MLM,"Martin Marietta Materials, Inc.",Basic Materials,Building Materials,Raleigh,NC,United States
NYQ,EXR,Extra Space Storage Inc,Real Estate,REIT - Industrial,Salt Lake City,UT,United States
NYQ,DD,"DuPont de Nemours, Inc.",Basic Materials,Specialty Chemicals,Wilmington,DE,United States
NYQ,ETR,Entergy Corporation,Utilities,Utilities - Regulated Electric,New Orleans,LA,United States
NYQ,DECK,Deckers Outdoor Corporation,Consumer Cyclical,Footwear & Accessories,Goleta,CA,United States
NYQ,EFX,"Equifax, Inc.",Industrials,Consulting Services,Atlanta,GA,United States
NMS,UAL,"United Airlines Holdings, Inc.",Industrials,Airlines,Chicago,IL,United States
NMS,WTW,Willis Towers Watson Public Lim,Financial Services,Insurance Brokers,London,,United Kingdom
NMS,TTWO,"Take-Two Interactive Software, ",Communication Services,Electronic Gaming & Multimedia,New York,NY,United States
NYQ,HIG,Hartford Financial Services Gro,Financial Services,Insurance - Property & Casualty,Hartford,CT,United States
NYQ,RJF,"Raymond James Financial, Inc.",Financial Services,Asset Management,Saint Petersburg,FL,United States
NYQ,AVB,"AvalonBay Communities, Inc.",Real Estate,REIT - Residential,Arlington,VA,United States
NYQ,MTB,M&T Bank Corporation,Financial Services,Banks - Regional,Buffalo,NY,United States
NMS,DXCM,"DexCom, Inc.",Healthcare,Medical Devices,San Diego,CA,United States
NYQ,ED,"Consolidated Edison, Inc.",Utilities,Utilities - Regulated Electric,New York,NY,United States
NMS,EBAY,eBay Inc.,Consumer Cyclical,Internet Retail,San Jose,CA,United States
NYQ,HPQ,HP Inc.,Technology,Computer Hardware,Palo Alto,CA,United States
NYQ,IRM,Iron Mountain Incorporated (Del,Real Estate,REIT - Specialty,Portsmouth,NH,United States
NYQ,EIX,Edison International,Utilities,Utilities - Regulated Electric,Rosemead,CA,United States
NYQ,LYV,"Live Nation Entertainment, Inc.",Communication Services,Entertainment,Beverly Hills,CA,United States
NYQ,VICI,VICI Properties Inc.,Real Estate,REIT - Diversified,New York,NY,United States
NYQ,CNC,Centene Corporation,Healthcare,Healthcare Plans,Saint Louis,MO,United States
NYQ,WEC,"WEC Energy Group, Inc.",Utilities,Utilities - Regulated Electric,Milwaukee,WI,United States
NMS,MCHP,Microchip Technology Incorporat,Technology,Semiconductors,Chandler,AZ,United States
NYQ,HUM,Humana Inc.,Healthcare,Healthcare Plans,Louisville,KY,United States
NMS,ANSS,"ANSYS, Inc.",Technology,Software - Application,Canonsburg,PA,United States
NYQ,BRO,"Brown & Brown, Inc.",Financial Services,Insurance Brokers,Daytona Beach,FL,United States
NMS,CSGP,"CoStar Group, Inc.",Real Estate,Real Estate Services,Washington,DC,United States
NMS,MPWR,"Monolithic Power Systems, Inc.",Technology,Semiconductors,Kirkland,WA,United States
NYQ,GDDY,GoDaddy Inc.,Technology,Software - Infrastructure,Tempe,AZ,United States
NMS,TSCO,Tractor Supply Company,Consumer Cyclical,Specialty Retail,Brentwood,TN,United States
NYQ,STT,State Street Corporation,Financial Services,Asset Management,Boston,MA,United States
NYQ,CAH,"Cardinal Health, Inc.",Healthcare,Medical Distribution,Dublin,OH,United States
NYQ,GPN,Global Payments Inc.,Industrials,Specialty Business Services,Atlanta,GA,United States
NMS,FITB,Fifth Third Bancorp,Financial Services,Banks - Regional,Cincinnati,OH,United States
NYQ,XYL,Xylem Inc.,Industrials,Specialty Industrial Machinery,Washington,DC,United States
NYQ,HPE,Hewlett Packard Enterprise Comp,Technology,Communication Equipment,Spring,TX,United States
NYQ,KEYS,Keysight Technologies Inc.,Technology,Scientific & Technical Instruments,Santa Rosa,CA,United States
NYQ,DOW,Dow Inc.,Basic Materials,Chemicals,Midland,MI,United States
NYQ,EQR,Equity Residential,Real Estate,REIT - Residential,Chicago,IL,United States
NMS,ON,ON Semiconductor Corporation,Technology,Semiconductors,Scottsdale,AZ,United States
NYQ,PPG,"PPG Industries, Inc.",Basic Materials,Specialty Chemicals,Pittsburgh,PA,United States
NYQ,K,Kellanova,Consumer Defensive,Packaged Foods,Chicago,IL,United States
NYQ,SW,Smurfit WestRock plc,Consumer Cyclical,Packaging & Containers,Dublin,,Ireland
NYQ,NUE,Nucor Corporation,Basic Materials,Steel,Charlotte,NC,United States
NYQ,EL,"Estee Lauder Companies, Inc. (T",Consumer Defensive,Household & Personal Products,New York,NY,United States
NYQ,BR,"Broadridge Financial Solutions,",Technology,Information Technology Services,Lake Success,NY,United States
NMS,WBD,"Warner Bros. Discovery, Inc. - ",Communication Services,Entertainment,New York,NY,United States
NYQ,TPL,Texas Pacific Land Corporation,Energy,Oil & Gas E&P,Dallas,TX,United States
NYQ,CHD,"Church & Dwight Company, Inc.",Consumer Defensive,Household & Personal Products,Ewing,NJ,United States
NYQ,MTD,"Mettler-Toledo International, I",Healthcare,Diagnostics & Research,Columbus,OH,United States
NYQ,DOV,Dover Corporation,Industrials,Specialty Industrial Machinery,Downers Grove,IL,United States
NYQ,TYL,"Tyler Technologies, Inc.",Technology,Software - Application,Plano,TX,United States
NYQ,FTV,Fortive Corporation,Technology,Scientific & Technical Instruments,Everett,WA,United States
NMS,TROW,"T. Rowe Price Group, Inc.",Financial Services,Asset Management,Baltimore,MD,United States
NYQ,VLTO,Veralto Corp,Industrials,Pollution & Treatment Controls,Waltham,MA,United States
NYQ,EQT,EQT Corporation,Energy,Oil & Gas E&P,Pittsburgh,PA,United States
NYQ,SYF,Synchrony Financial,Financial Services,Credit Services,Stamford,CT,United States
NYQ,NVR,"NVR, Inc.",Consumer Cyclical,Residential Construction,Reston,VA,United States
NYQ,DTE,DTE Energy Company,Utilities,Utilities - Regulated Electric,Detroit,MI,United States
NYQ,VTR,"Ventas, Inc.",Real Estate,REIT - Healthcare Facilities,Chicago,IL,United States
NYQ,AWK,"American Water Works Company, I",Utilities,Utilities - Regulated Water,Camden,NJ,United States
NYQ,ADM,Archer-Daniels-Midland Company,Consumer Defensive,Farm Products,Chicago,IL,United States
NMS,NTAP,"NetApp, Inc.",Technology,Computer Hardware,San Jose,CA,United States
NYQ,WST,"West Pharmaceutical Services, I",Healthcare,Medical Instruments & Supplies,Exton,PA,United States
NYQ,CPAY,"Corpay, Inc.",Technology,Software - Infrastructure,Atlanta,GA,United States
NYQ,PPL,PPL Corporation,Utilities,Utilities - Regulated Electric,Allentown,PA,United States
NYQ,LYB,LyondellBasell Industries NV,Basic Materials,Specialty Chemicals,Houston,TX,United States
NYQ,AEE,Ameren Corporation,Utilities,Utilities - Regulated Electric,Saint Louis,MO,United States
NMS,EXPE,"Expedia Group, Inc.",Consumer Cyclical,Travel Services,Seattle,WA,United States
NMS,HBAN,Huntington Bancshares Incorpora,Financial Services,Banks - Regional,Columbus,OH,United States
NMS,CDW,CDW Corporation,Technology,Information Technology Services,Vernon Hills,IL,United States
NYQ,FE,FirstEnergy Corp.,Utilities,Utilities - Regulated Electric,Akron,OH,United States
NYQ,HUBB,Hubbell Inc,Industrials,Electrical Equipment & Parts,Shelton,CT,United States
NYQ,HAL,Halliburton Company,Energy,Oil & Gas Equipment & Services,Houston,TX,United States
NYQ,ROL,"Rollins, Inc.",Consumer Cyclical,Personal Services,Atlanta,GA,United States
NYQ,PHM,"PulteGroup, Inc.",Consumer Cyclical,Residential Construction,Atlanta,GA,United States
NMS,CINF,Cincinnati Financial Corporatio,Financial Services,Insurance - Property & Casualty,Fairfield,OH,United States
NMS,PTC,PTC Inc.,Technology,Software - Application,Boston,MA,United States
NYQ,WRB,W.R. Berkley Corporation,Financial Services,Insurance - Property & Casualty,Greenwich,CT,United States
NYQ,DRI,"Darden Restaurants, Inc.",Consumer Cyclical,Restaurants,Orlando,FL,United States
NMS,FOXA,Fox Corporation,Communication Services,Entertainment,New York,NY,United States
NMS,FOX,Fox Corporation,Communication Services,Entertainment,New York,NY,United States
NYQ,IFF,International Flavors & Fragran,Basic Materials,Specialty Chemicals,New York,NY,United States
NMS,SBAC,SBA Communications Corporation,Real Estate,REIT - Specialty,Boca Raton,FL,United States
NYQ,WAT,Waters Corporation,Healthcare,Diagnostics & Research,Milford,MA,United States
NMS,ERIE,Erie Indemnity Company,Financial Services,Insurance Brokers,Erie,PA,United States
NYQ,TDY,Teledyne Technologies Incorpora,Technology,Scientific & Technical Instruments,Thousand Oaks,CA,United States
NYQ,ATO,Atmos Energy Corporation,Utilities,Utilities - Regulated Gas,Dallas,TX,United States
NYQ,RF,Regions Financial Corporation,Financial Services,Banks - Regional,Birmingham,AL,United States
NMS,BIIB,Biogen Inc.,Healthcare,Drug Manufacturers - General,Cambridge,MA,United States
NYQ,ZBH,"Zimmer Biomet Holdings, Inc.",Healthcare,Medical Devices,Warsaw,IN,United States
NYQ,CNP,"CenterPoint Energy, Inc (Holdin",Utilities,Utilities - Regulated Electric,Houston,TX,United States
NYQ,MKC,"McCormick & Company, Incorporat",Consumer Defensive,Packaged Foods,Hunt Valley,MD,United States
NYQ,ES,Eversource Energy (D/B/A),Utilities,Utilities - Regulated Electric,Springfield,MA,United States
NMS,WDC,Western Digital Corporation,Technology,Computer Hardware,San Jose,CA,United States
NYQ,TSN,"Tyson Foods, Inc.",Consumer Defensive,Farm Products,Springdale,AR,United States
NMS,TER,"Teradyne, Inc.",Technology,Semiconductor Equipment & Materials,North Reading,MA,United States
NYQ,STE,STERIS plc (Ireland),Healthcare,Medical Devices,Mentor,OH,United States
NYQ,PKG,Packaging Corporation of Americ,Consumer Cyclical,Packaging & Containers,Lake Forest,IL,United States
NYQ,CLX,Clorox Company (The),Consumer Defensive,Household & Personal Products,Oakland,CA,United States
NMS,NTRS,Northern Trust Corporation,Financial Services,Asset Management,Chicago,IL,United States
NMS,ZBRA,Zebra Technologies Corporation,Technology,Communication Equipment,Lincolnshire,IL,United States
NYQ,DVN,Devon Energy Corporation,Energy,Oil & Gas E&P,Oklahoma City,OK,United States
BTS,CBOE,"Cboe Global Markets, Inc.",Financial Services,Financial Data & Stock Exchanges,Chicago,IL,United States
NYQ,WY,Weyerhaeuser Company,Real Estate,REIT - Specialty,Seattle,WA,United States
NYQ,LUV,Southwest Airlines Company,Industrials,Airlines,Dallas,TX,United States
NMS,ULTA,"Ulta Beauty, Inc.",Consumer Cyclical,Specialty Retail,Bolingbrook,IL,United States
NYQ,CMS,CMS Energy Corporation,Utilities,Utilities - Regulated Electric,Jackson,MI,United States
NYQ,INVH,Invitation Homes Inc.,Real Estate,REIT - Residential,Dallas,TX,United States
NMS,FSLR,"First Solar, Inc.",Technology,Solar,Tempe,AZ,United States
NYQ,BF-B,Brown Forman Inc,Consumer Defensive,Beverages - Wineries & Distilleries,Louisville,KY,United States
NYQ,LDOS,"Leidos Holdings, Inc.",Technology,Information Technology Services,Reston,VA,United States
NYQ,CFG,"Citizens Financial Group, Inc.",Financial Services,Banks - Regional,Providence,RI,United States
NYQ,LH,Labcorp Holdings Inc.,Healthcare,Diagnostics & Research,Burlington,NC,United States
NMS,VRSN,"VeriSign, Inc.",Technology,Software - Infrastructure,Reston,VA,United States
NYQ,IP,International Paper Company,Consumer Cyclical,Packaging & Containers,Memphis,TN,United States
NYQ,ESS,"Essex Property Trust, Inc.",Real Estate,REIT - Residential,San Mateo,CA,United States
NMS,PODD,Insulet Corporation,Healthcare,Medical Devices,Acton,MA,United States
NMS,COO,"The Cooper Companies, Inc.",Healthcare,Medical Instruments & Supplies,San Ramon,CA,United States
NMS,SMCI,"Super Micro Computer, Inc.",Technology,Computer Hardware,San Jose,CA,United States
NMS,STX,Seagate Technology Holdings PLC,Technology,Computer Hardware,Singapore,,Singapore
NYQ,MAA,Mid-America Apartment Communiti,Real Estate,REIT - Residential,Germantown,TN,United States
NYQ,FDS,FactSet Research Systems Inc.,Financial Services,Financial Data & Stock Exchanges,Norwalk,CT,United States
NYQ,NRG,"NRG Energy, Inc.",Utilities,Utilities - Independent Power Producers,Houston,TX,United States
NYQ,BBY,"Best Buy Co., Inc.",Consumer Cyclical,Specialty Retail,Richfield,MN,United States
NYQ,SNA,Snap-On Incorporated,Industrials,Tools & Accessories,Kenosha,WI,United States
NYQ,L,Loews Corporation,Financial Services,Insurance - Property & Casualty,New York,NY,United States
NMS,PFG,Principal Financial Group Inc,Financial Services,Asset Management,Des Moines,IA,United States
NMS,STLD,"Steel Dynamics, Inc.",Basic Materials,Steel,Fort Wayne,IN,United States
NMS,TRMB,Trimble Inc.,Technology,Scientific & Technical Instruments,Westminster,CO,United States
NYQ,OMC,Omnicom Group Inc.,Communication Services,Advertising Agencies,New York,NY,United States
NYQ,CTRA,Coterra Energy Inc.,Energy,Oil & Gas E&P,Houston,TX,United States
NYQ,HRL,Hormel Foods Corporation,Consumer Defensive,Packaged Foods,Austin,MN,United States
NYQ,ARE,Alexandria Real Estate Equities,Real Estate,REIT - Office,Pasadena,CA,United States
NYQ,BLDR,"Builders FirstSource, Inc.",Industrials,Building Products & Equipment,Irving,TX,United States
NMS,JBHT,"J.B. Hunt Transport Services, I",Industrials,Integrated Freight & Logistics,Lowell,AR,United States
NMS,GEN,Gen Digital Inc.,Technology,Software - Infrastructure,Tempe,AZ,United States
NYQ,DGX,Quest Diagnostics Incorporated,Healthcare,Diagnostics & Research,Secaucus,NJ,United States
NYQ,KEY,KeyCorp,Financial Services,Banks - Regional,Cleveland,OH,United States
NYQ,NI,NiSource Inc,Utilities,Utilities - Regulated Gas,Merrillville,IN,United States
NYQ,MOH,Molina Healthcare Inc,Healthcare,Healthcare Plans,Long Beach,CA,United States
NYQ,PNR,Pentair plc.,Industrials,Specialty Industrial Machinery,London,,United Kingdom
NYQ,J,Jacobs Solutions Inc.,Industrials,Engineering & Construction,Dallas,TX,United States
NYQ,DG,Dollar General Corporation,Consumer Defensive,Discount Stores,Goodlettsville,TN,United States
NYQ,BALL,Ball Corporation,Consumer Cyclical,Packaging & Containers,Westminster,CO,United States
NMS,NWS,News Corporation,Communication Services,Entertainment,New York,NY,United States
NMS,NWSA,News Corporation,Communication Services,Entertainment,New York,NY,United States
NYQ,UDR,"UDR, Inc.",Real Estate,REIT - Residential,Highlands Ranch,CO,United States
NMS,HOLX,"Hologic, Inc.",Healthcare,Medical Instruments & Supplies,Marlborough,MA,United States
NYQ,JBL,Jabil Inc.,Technology,Electronic Components,Saint Petersburg,FL,United States
NYQ,GPC,Genuine Parts Company,Consumer Cyclical,Auto Parts,Atlanta,GA,United States
NYQ,IEX,IDEX Corporation,Industrials,Specialty Industrial Machinery,Northbrook,IL,United States
NYQ,MAS,Masco Corporation,Industrials,Building Products & Equipment,Livonia,MI,United States
NYQ,KIM,Kimco Realty Corporation (HC),Real Estate,REIT - Retail,Jericho,NY,United States
NMS,ALGN,"Align Technology, Inc.",Healthcare,Medical Instruments & Supplies,Tempe,AZ,United States
NMS,DLTR,"Dollar Tree, Inc.",Consumer Defensive,Discount Stores,Chesapeake,VA,United States
NYQ,EXPD,Expeditors International of Was,Industrials,Integrated Freight & Logistics,Seattle,WA,United States
NYQ,EG,"Everest Group, Ltd.",Financial Services,Insurance - Reinsurance,Hamilton,,Bermuda
NMS,MRNA,"Moderna, Inc.",Healthcare,Biotechnology,Cambridge,MA,United States
NMS,LNT,Alliant Energy Corporation,Utilities,Utilities - Regulated Electric,Madison,WI,United States
NYQ,AVY,Avery Dennison Corporation,Consumer Cyclical,Packaging & Containers,Mentor,OH,United States
NYQ,BAX,Baxter International Inc.,Healthcare,Medical Instruments & Supplies,Deerfield,IL,United States
NYQ,TPR,"Tapestry, Inc.",Consumer Cyclical,Luxury Goods,New York,NY,United States
NMS,VTRS,Viatris Inc.,Healthcare,Drug Manufacturers - Specialty & Generic,Canonsburg,PA,United States
NYQ,CF,"CF Industries Holdings, Inc.",Basic Materials,Agricultural Inputs,Northbrook,IL,United States
NMS,FFIV,"F5, Inc.",Technology,Software - Infrastructure,Seattle,WA,United States
NYQ,DPZ,Domino's Pizza Inc,Consumer Cyclical,Restaurants,Ann Arbor,MI,United States
NMS,AKAM,"Akamai Technologies, Inc.",Technology,Software - Infrastructure,Cambridge,MA,United States
NYQ,RL,Ralph Lauren Corporation,Consumer Cyclical,Apparel Manufacturing,New York,NY,United States
NYQ,TXT,Textron Inc.,Industrials,Aerospace & Defense,Providence,RI,United States
NMS,SWKS,"Skyworks Solutions, Inc.",Technology,Semiconductors,Irvine,CA,United States
NMS,EVRG,"Evergy, Inc.",Utilities,Utilities - Regulated Electric,Kansas City,MO,United States
NYQ,EPAM,"EPAM Systems, Inc.",Technology,Information Technology Services,Newtown,PA,United States
NYQ,DOC,"Healthpeak Properties, Inc.",Real Estate,REIT - Healthcare Facilities,Denver,CO,United States
NYQ,APTV,Aptiv PLC,Consumer Cyclical,Auto Parts,Dublin,,Ireland
NYQ,RVTY,"Revvity, Inc.",Healthcare,Diagnostics & Research,Waltham,MA,United States
NYQ,AMCR,Amcor plc,Consumer Cyclical,Packaging & Containers,Zurich,,Switzerland
NMS,REG,Regency Centers Corporation,Real Estate,REIT - Retail,Jacksonville,FL,United States
NMS,POOL,Pool Corporation,Industrials,Industrial Distribution,Covington,LA,United States
NMS,INCY,Incyte Corporation,Healthcare,Biotechnology,Wilmington,DE,United States
NYQ,BXP,"BXP, Inc.",Real Estate,REIT - Office,Boston,MA,United States
NYQ,KMX,CarMax Inc,Consumer Cyclical,Auto & Truck Dealerships,Richmond,VA,United States
NYQ,CAG,"ConAgra Brands, Inc.",Consumer Defensive,Packaged Foods,Chicago,IL,United States
NMS,HST,"Host Hotels & Resorts, Inc.",Real Estate,REIT - Hotel & Motel,Bethesda,MD,United States
NMS,JKHY,"Jack Henry & Associates, Inc.",Technology,Information Technology Services,Monett,MO,United States
NYQ,SWK,"Stanley Black & Decker, Inc.",Industrials,Tools & Accessories,New Britain,CT,United States
NYQ,DVA,DaVita Inc.,Healthcare,Medical Care Facilities,Denver,CO,United States
NMS,CPB,The Campbell's Company,Consumer Defensive,Packaged Foods,Camden,NJ,United States
NMS,CHRW,"C.H. Robinson Worldwide, Inc.",Industrials,Integrated Freight & Logistics,Eden Prairie,MN,United States
NYQ,JNPR,"Juniper Networks, Inc.",Technology,Communication Equipment,Sunnyvale,CA,United States
NYQ,CPT,Camden Property Trust,Real Estate,REIT - Residential,Houston,TX,United States
NYQ,TAP,Molson Coors Beverage Company,Consumer Defensive,Beverages - Brewers,Golden,CO,United States
NMS,NDSN,Nordson Corporation,Industrials,Specialty Industrial Machinery,Westlake,OH,United States
NYQ,PAYC,"Paycom Software, Inc.",Technology,Software - Application,Oklahoma City,OK,United States
NYQ,UHS,"Universal Health Services, Inc.",Healthcare,Medical Care Facilities,King of Prussia,PA,United States
NYQ,NCLH,Norwegian Cruise Line Holdings ,Consumer Cyclical,Travel Services,Miami,FL,United States
NYQ,DAY,"Dayforce, Inc.",Technology,Software - Application,Minneapolis,MN,United States
NYQ,SJM,The J.M. Smucker Company,Consumer Defensive,Packaged Foods,Orrville,OH,United States
NMS,TECH,Bio-Techne Corp,Healthcare,Biotechnology,Minneapolis,MN,United States
NYQ,SOLV,Solventum Corporation,Healthcare,Health Information Services,Saint Paul,MN,United States
NYQ,ALLE,Allegion plc,Industrials,Security & Protection Services,Dublin,,Ireland
NYQ,BG,Bunge Limited,Consumer Defensive,Farm Products,Chesterfield,MO,United States
NYQ,AIZ,"Assurant, Inc.",Financial Services,Insurance - Property & Casualty,Atlanta,GA,United States
NYQ,IPG,"Interpublic Group of Companies,",Communication Services,Advertising Agencies,New York,NY,United States
NYQ,BEN,"Franklin Resources, Inc.",Financial Services,Asset Management,San Mateo,CA,United States
NYQ,EMN,Eastman Chemical Company,Basic Materials,Specialty Chemicals,Kingsport,TN,United States
NYQ,ALB,Albemarle Corporation,Basic Materials,Specialty Chemicals,Charlotte,NC,United States
NYQ,MGM,MGM Resorts International,Consumer Cyclical,Resorts & Casinos,Las Vegas,NV,United States
NYQ,AOS,A.O. Smith Corporation,Industrials,Specialty Industrial Machinery,Milwaukee,WI,United States
NMS,WYNN,"Wynn Resorts, Limited",Consumer Cyclical,Resorts & Casinos,Las Vegas,NV,United States
NYQ,PNW,Pinnacle West Capital Corporati,Utilities,Utilities - Regulated Electric,Phoenix,AZ,United States
NGM,ENPH,"Enphase Energy, Inc.",Technology,Solar,Fremont,CA,United States
NMS,LKQ,LKQ Corporation,Consumer Cyclical,Auto Parts,Chicago,IL,United States
NYQ,FRT,Federal Realty Investment Trust,Real Estate,REIT - Retail,North Bethesda,MD,United States
NYQ,CRL,Charles River Laboratories Inte,Healthcare,Diagnostics & Research,Wilmington,MA,United States
NYQ,GNRC,Generac Holdlings Inc.,Industrials,Specialty Industrial Machinery,Waukesha,WI,United States
NYQ,AES,The AES Corporation,Utilities,Utilities - Diversified,Arlington,VA,United States
NYQ,GL,Globe Life Inc.,Financial Services,Insurance - Life,McKinney,TX,United States
NYQ,LW,"Lamb Weston Holdings, Inc.",Consumer Defensive,Packaged Foods,Eagle,ID,United States
NMS,HSIC,"Henry Schein, Inc.",Healthcare,Medical Distribution,Melville,NY,United States
NMS,MKTX,"MarketAxess Holdings, Inc.",Financial Services,Capital Markets,New York,NY,United States
NMS,MTCH,"Match Group, Inc.",Communication Services,Internet Content & Information,Dallas,TX,United States
NYQ,TFX,Teleflex Incorporated,Healthcare,Medical Instruments & Supplies,Wayne,PA,United States
NMS,WBA,"Walgreens Boots Alliance, Inc.",Healthcare,Pharmaceutical Retailers,Deerfield,IL,United States
NMS,HAS,"Hasbro, Inc.",Consumer Cyclical,Leisure,Pawtucket,RI,United States
NYQ,IVZ,Invesco Ltd,Financial Services,Asset Management,Atlanta,GA,United States
NMS,APA,APA Corporation,Energy,Oil & Gas E&P,Houston,TX,United States
NYQ,MOS,Mosaic Company (The),Basic Materials,Agricultural Inputs,Tampa,FL,United States
NMS,PARA,Paramount Global,Communication Services,Entertainment,New York,NY,United States
NYQ,MHK,"Mohawk Industries, Inc.",Consumer Cyclical,"Furnishings, Fixtures & Appliances",Calhoun,GA,United States
NYQ,CE,Celanese Corporation,Basic Materials,Chemicals,Irving,TX,United States
NYQ,HII,"Huntington Ingalls Industries, ",Industrials,Aerospace & Defense,Newport News,VA,United States
NMS,CZR,"Caesars Entertainment, Inc.",Consumer Cyclical,Resorts & Casinos,Reno,NV,United States
NYQ,BWA,BorgWarner Inc.,Consumer Cyclical,Auto Parts,Auburn Hills,MI,United States
NMS,QRVO,"Qorvo, Inc.",Technology,Semiconductors,Greensboro,NC,United States
NYQ,FMC,FMC Corporation,Basic Materials,Agricultural Inputs,Philadelphia,PA,United States
NYQ,AMTM,"Amentum Holdings, Inc.",Industrials,Specialty Business Services,Chantilly,VA,United States
